,Filename,Mean_Street_Quality,Distance,Speed,Relevant
0,Ecosense\bikeride-gps-007f3bbcf0e11b225bb4d3ab49b7d2dacd49ee9c.csv,0.0,0.0,0.0,False
1,Ecosense\bikeride-gps-00b29cbd1576599604d199753d0fba0ee198b4ac.csv,0.0,0.0,0.0,False
2,Ecosense\bikeride-gps-00be4550f04d49ec38e089866271eabf39623060.csv,21.33351268773945,11886038.564559834,4.599899624765478,True
3,Ecosense\bikeride-gps-00eee5c46c373ed08ee3f481b1c143ce1d69ccd7.csv,0.0,0.0,0.0,False
4,Ecosense\bikeride-gps-01a451329fc30fade5d1b574a75b6c3c7a30c71a.csv,16.600806752786408,9137.003110083957,3.838876308277831,True
5,Ecosense\bikeride-gps-01ea403797f1cc5142e75e1701266c0dae8031ba.csv,0.0,0.0,0.0,False
6,Ecosense\bikeride-gps-024d0d71f3387dc9fdfb85120bf232248dd7a1f2.csv,0.0,0.0,0.0,False
7,Ecosense\bikeride-gps-02e069c4a8d391d2d0fc193463acaf8dfb016a88.csv,0.0,0.0,0.0,False
8,Ecosense\bikeride-gps-02f8bb15c7437635eb1b2e7c6b7a1ec40976b72f.csv,0.0,0.0,0.0,False
9,Ecosense\bikeride-gps-02fb00ea826d2267e8d7f00be47f7f5faf5e8d39.csv,13.531272111411193,653.8389626430712,3.768489361702128,True
10,Ecosense\bikeride-gps-03af855b0b5c8cbc66f7bdf498bf76a1ee055936.csv,19.153668894566103,2514.4936871970017,3.683806666666667,True
11,Ecosense\bikeride-gps-004e5f704f00b5fddf87a9f5dc41cf7f786bb6d2.csv,18.81396402440232,1121.0224475070274,4.503236220472441,True
12,Ecosense\bikeride-gps-03b28e04a406575e9356dcf823df58d1df765578.csv,0.0,0.0,0.0,False
13,Ecosense\bikeride-gps-03bdca981236e6682e96aa553451c5301450b78d.csv,60.68972431107183,12939.633988704452,4.020001973943939,True
14,Ecosense\bikeride-gps-03be8fc0065a3506fd5ecca2a55391d07b2106af.csv,0.0,0.0,0.0,False
15,Ecosense\bikeride-gps-03ca6a0c91583a96fbf19e851fc4851ed681fd80.csv,20.22885625695233,1112.0499528352009,3.0674126394052044,True
16,Ecosense\bikeride-gps-04e53f3bd89454100cb7197b921b95cc837a182f.csv,0.0,0.0,0.0,False
17,Ecosense\bikeride-gps-054b0acea28de665494f3a025c1c2ff2a4654302.csv,32.99166033411812,83165472.81013486,3.5171,True
18,Ecosense\bikeride-gps-057a06eaff72d3eb6be7254be4e892e279ec3820.csv,0.0,0.0,0.0,False
19,Ecosense\bikeride-gps-05a749178dbe02b20889ca947bad4b8e906d545b.csv,111.9349281962713,46.56692421881422,2.203933333333333,True
20,Ecosense\bikeride-gps-05f7392f565a36dcc20791075d295dd48d956300.csv,16.820895474437584,1410.4876471235398,3.9332760942760943,True
21,Ecosense\bikeride-gps-06ae719860e27a84779af953302e565e4f8705ea.csv,0.0,0.0,0.0,False
22,Ecosense\bikeride-gps-07ee569c530a6e198d29a42b07d9d08f43d5e48f.csv,0.0,0.0,0.0,False
23,Ecosense\bikeride-gps-08a6b74547c734262c7279ea8c847c4b2dd3d52f.csv,0.0,0.0,0.0,False
24,Ecosense\bikeride-gps-08f10680eef979ea4291178e9c39a7e5b9df128e.csv,13.266665668373802,1034.0061384698245,3.4612547528517115,True
25,Ecosense\bikeride-gps-08f72f3ea7c5908924b3b343b7fbd4ce4584f2f0.csv,0.0,0.0,0.0,False
26,Ecosense\bikeride-gps-09e1be944365b85f6f1bc4c34e45ba5155f3c78d.csv,0.0,0.0,0.0,False
27,Ecosense\bikeride-gps-09fd66073fac9c1c3b933cfcaa0dc52290247f2f.csv,150.22995478401225,13172.187178259126,3.4524110298598414,True
28,Ecosense\bikeride-gps-0a04e3d274e7275dbea7044ee789922e7ba38d28.csv,0.0,0.0,0.0,False
29,Ecosense\bikeride-gps-0a3c7c48f2b972196f07d0830d4a22f53ed68f90.csv,0.0,0.0,0.0,False
30,Ecosense\bikeride-gps-0aaba370a486e82da75be2f953951cc00b4d808b.csv,0.0,0.0,0.0,False
31,Ecosense\bikeride-gps-0aad2d83b1bef753c6223006240d4b730ffc755e.csv,0.0,0.0,0.0,False
32,Ecosense\bikeride-gps-0ab319110d057540ed0d38103692e920b7c127ce.csv,0.0,0.0,0.0,False
33,Ecosense\bikeride-gps-0ad2f50106ba93d7c6a2fb02103377965935ef24.csv,75.77886280948833,2387.771499917519,3.6966007905138336,True
34,Ecosense\bikeride-gps-0af8e86ce32c3867ae0454325b650975cb24438b.csv,20.509665019359108,842.2013522855638,3.5554190476190484,True
35,Ecosense\bikeride-gps-0b21b712ba05b7d0678fd5fc02107eb095697e32.csv,31.075845453434358,3667.520407177399,3.48331059683313,True
36,Ecosense\bikeride-gps-0b2ff9b6bfe90ed61be77e3fb87cfbcb4ffc54b7.csv,0.0,0.0,0.0,False
37,Ecosense\bikeride-gps-0b3dff938a0af9c938ae01561e7331dd0c700c23.csv,53.812126434146,3449.78756304885,2.606804990757856,True
38,Ecosense\bikeride-gps-0b456a3776b15702ac9cfd4159a9d89767a36eba.csv,0.0,0.0,0.0,False
39,Ecosense\bikeride-gps-0b5456e64667ad090dda340efd7097dbff99e0e8.csv,82.06290021615159,5248.542526206363,5.555272506082725,True
40,Ecosense\bikeride-gps-0b7152e91296720edadee5736d22173f6cbe6900.csv,70.48026678731657,1790.8589398938248,4.393880597014925,True
41,Ecosense\bikeride-gps-0b98c408cd9c7ffe3479a8a9b9c89e02c5c187fc.csv,0.0,0.0,0.0,False
42,Ecosense\bikeride-gps-0bb2e1b772d737d6cbf919eeba9212c838271179.csv,21.37380291848229,1163.2830342620855,3.147697080291971,True
43,Ecosense\bikeride-gps-0c09a6764b689fc16426ba57092a8619a1039a96.csv,0.0,0.0,0.0,False
44,Ecosense\bikeride-gps-0c400fdae58595203a2792dc30fcd4d388510a99.csv,0.0,0.0,0.0,False
45,Ecosense\bikeride-gps-0cec50b2384dae390e204836cc25b017b80db8f2.csv,62.23937820969954,346.50937627331,4.717838235294117,True
46,Ecosense\bikeride-gps-0d3344c0f79ef315f45b225e483668f15e10a006.csv,22.210659443084154,5082.784820952845,2.8748353741496597,True
47,Ecosense\bikeride-gps-0d8948dd2c38638abf71b0573077c5ac36872eed.csv,0.0,0.0,0.0,False
48,Ecosense\bikeride-gps-0da3c222350fd7f1c4c252b7c52c7957b95a2372.csv,0.0,0.0,0.0,False
49,Ecosense\bikeride-gps-0dc1b0b71cddfe85999f249dd5410c70f29a6deb.csv,0.0,0.0,0.0,False
50,Ecosense\bikeride-gps-0e6033f339a36d4eed68141c429a13a5c47bffa5.csv,0.0,0.0,0.0,False
51,Ecosense\bikeride-gps-0e8cd842632590cb187a5da06aa523bc66ff44fc.csv,89.3010689787648,30999.98615500209,4.0265511422637585,True
52,Ecosense\bikeride-gps-0f29172e499befc96e0344957358761071bb6d7c.csv,0.0,0.0,0.0,False
53,Ecosense\bikeride-gps-0f6cfbbc7fbd2f2651d33a8fb4488e48bd26f147.csv,0.0,0.0,0.0,False
54,Ecosense\bikeride-gps-0f7164f83addcd7198a5e99cfc16ed615c8371c0.csv,0.0,0.0,0.0,False
55,Ecosense\bikeride-gps-0f857875d76b28f3819035a3ea0a9e0a06993220.csv,18.438255865788072,420.8565107124794,5.333325,True
56,Ecosense\bikeride-gps-0fb32677344035e44f530f0cb86734e697c63561.csv,0.0,0.0,0.0,False
57,Ecosense\bikeride-gps-0fbb1f982fc6c604d69fba96900a7e9611936f49.csv,14.006194669299045,3206.473517038467,3.3870911392405065,True
58,Ecosense\bikeride-gps-0fde279fb79f85cb074b8e4a9ae494c3c29a942f.csv,0.0,0.0,0.0,False
59,Ecosense\bikeride-gps-0ff19d33ac469413e018568540ab888ff325f5f3.csv,0.0,0.0,0.0,False
60,Ecosense\bikeride-gps-0ff66bec856cbd18a2999d4ad583df150cabac6d.csv,0.0,0.0,0.0,False
61,Ecosense\bikeride-gps-10a681c24a269ffe4be080fc408a974b1878b6bb.csv,0.0,0.0,0.0,False
62,Ecosense\bikeride-gps-10b0af0f8dbc9da274676066c39de140ca17555b.csv,0.0,0.0,0.0,False
63,Ecosense\bikeride-gps-11a9d365de209dea63124d5993ebe33777d7d420.csv,17.558081157999567,1262.917762831413,6.8417953216374245,True
64,Ecosense\bikeride-gps-11ac493dd7a76301c121e4f6441aa4d88be700f9.csv,17.138627188394477,1119.5040902975436,2.8118409090909093,True
65,Ecosense\bikeride-gps-11af9775ab79298c2a9dcafcfaa788b43b86cc20.csv,23.141548958738927,5137.289091176203,5.389129735935707,True
66,Ecosense\bikeride-gps-11eb6735938bffd165d156ea2e30f30e04e622d7.csv,0.0,0.0,0.0,False
67,Ecosense\bikeride-gps-11f0b94705e70a1bd0d164efd7994bc3fb0eb6ec.csv,28.26433450762124,7179.5437071015795,2.077700049578582,True
68,Ecosense\bikeride-gps-12f0d8e994c664b9f3c912ef43d8a66fd4584436.csv,0.0,0.0,0.0,False
69,Ecosense\bikeride-gps-12f5548c77a7a1caa124f64163bae5ebdc06bace.csv,15.85168843212196,1725.0998137260583,3.7810804195804195,True
70,Ecosense\bikeride-gps-13c5e6b8e15863c3bbc36a6ca84f8a4d47355837.csv,24.41273838989992,7593.515934914064,4.102470010905126,True
71,Ecosense\bikeride-gps-13cb83a0baadaad955de024bdf71685b51b26463.csv,89.55311142930503,4810.948984870228,5.292960248447205,True
72,Ecosense\bikeride-gps-13d09dbeb03bdce9febae5334b2c99881c3a79e7.csv,0.0,0.0,0.0,False
73,Ecosense\bikeride-gps-13d1cda41163e587a4e040742ec8a12e4b246cfe.csv,0.0,0.0,0.0,False
74,Ecosense\bikeride-gps-14a590770b5ce9f9dab72a33b98b8aecfc114dc0.csv,0.0,0.0,0.0,False
75,Ecosense\bikeride-gps-14b35bbb24db212e00277764f569e9ca5d2b9aa7.csv,0.0,0.0,0.0,False
76,Ecosense\bikeride-gps-14d7827544bbcd137cae28aa96f38b685ef8405a.csv,0.0,0.0,0.0,False
77,Ecosense\bikeride-gps-15da422968adc35dc42ed5a3192e8f304c89544d.csv,13.09368023561126,717.1348947551289,4.0343972602739715,True
78,Ecosense\bikeride-gps-16d078233c0c80d37a4299d733e120900ebb8945.csv,0.0,0.0,0.0,False
79,Ecosense\bikeride-gps-16f712513535d53ac6326abb0afaa9947d85cecc.csv,26.198760514838327,3023.4903405219084,3.849354505169868,True
80,Ecosense\bikeride-gps-17b4d91df98bd21b9bafc1b224ef95cdc8635bbe.csv,99.82261783785606,1886.9009648051688,5.209867383512544,True
81,Ecosense\bikeride-gps-17e7f5693ebf8217fbd11977e59e872e9f4de7f9.csv,0.0,0.0,0.0,False
82,Ecosense\bikeride-gps-17e8952b263b243b8ffb1a3d1401db8d00af73d6.csv,0.0,0.0,0.0,False
83,Ecosense\bikeride-gps-18a6e31b2de043df87157e37736b979245bd41e5.csv,79.7912685181325,2539.647088554031,4.285235042735042,True
84,Ecosense\bikeride-gps-18ad34366554558c5211300567dfd142c1b5e680.csv,28.609536627591467,95029869.65691651,2.6704369834710744,True
85,Ecosense\bikeride-gps-18e7c7608eea979ffd7f427f5a154ac49493fa54.csv,10.839966997954853,7965.109105543297,3.7017838765008575,True
86,Ecosense\bikeride-gps-18e9aa1ba6d5a2e16a3b99619b4d7f7392f7cb0e.csv,31.881050827481214,2225.5219876079946,4.278316326530613,True
87,Ecosense\bikeride-gps-19bb4994184e50a07aa0238de7ab9f70d212ff65.csv,67.04323353228372,47517876.24334813,5.035557823129253,True
88,Ecosense\bikeride-gps-1a0eeff9f7abeb6e74a6e4744b869c5f3cfc49ac.csv,20.274884519778322,5931.455065663134,4.9380140350877175,True
89,Ecosense\bikeride-gps-1a10bda3c2af8d9a4721724239cccc4adf821b06.csv,19.824204240570843,4187.063900316826,4.18601536643026,True
90,Ecosense\bikeride-gps-1a10fc99f41ea0532d260cb4c76a7394c8303389.csv,18.088023310528182,982.2026610477884,4.524407643312101,True
91,Ecosense\bikeride-gps-1a59b90b9282d033bb7bd63fe5737262d17cc394.csv,39.025540170908776,3064.7927431555395,3.0123562753036435,True
92,Ecosense\bikeride-gps-1a96cf29de5166d81068c6b720e67e0123434272.csv,0.0,0.0,0.0,False
93,Ecosense\bikeride-gps-1abfbd5f0ba1bf7cce5c2f62c5eb4cc1d5bc1e47.csv,56.272466029995925,2350.801577104125,4.281849802371542,True
94,Ecosense\bikeride-gps-1af4057eaac7929db51877071289391657feb73d.csv,23.9971256696065,2007.2137780719245,2.992631086142322,True
95,Ecosense\bikeride-gps-1b752a7d770e0b43f27f15decc70d80872caf755.csv,0.0,0.0,0.0,False
96,Ecosense\bikeride-gps-1b7f08a09f7edd942866ff8b14f40f4a43c5e3aa.csv,0.0,0.0,0.0,False
97,Ecosense\bikeride-gps-1b83ad12454cdb6ab63d83169068ce6bf457c1e6.csv,0.0,0.0,0.0,False
98,Ecosense\bikeride-gps-1bb1341437ca79cc9252bdeefa776fe4cb0d8a21.csv,0.0,0.0,0.0,False
99,Ecosense\bikeride-gps-1bbba06ca483e157b5280681e7675c6af8f0ce0c.csv,26.781701779100967,5283.16420793495,6.4992833333333335,True
100,Ecosense\bikeride-gps-1bc321d97ca5de2653f448d28313d5a3d5eb0849.csv,0.0,0.0,0.0,False
101,Ecosense\bikeride-gps-1bd9c445085d2861b376f5dede4888b756944046.csv,18.946317926211442,888.4825783564377,3.9427009803921567,True
102,Ecosense\bikeride-gps-1c86dca7eaaeb2e8536cae1ab1aa4b613a122d78.csv,77.3873066996269,1368.1944791807427,5.576677595628415,True
103,Ecosense\bikeride-gps-1d64b8c347727fc8f3dff0d9618fcb094e496ef4.csv,44.38201531590328,47527437.78094849,4.7297404891304335,True
104,Ecosense\bikeride-gps-1dce67278c52a9166afa69f46c1e13f8750c21df.csv,0.0,0.0,0.0,False
105,Ecosense\bikeride-gps-1de5ca332e6b43d2547e49a7da949df43d0362ce.csv,32.438175301928055,1207.861605836832,4.093889795918367,True
106,Ecosense\bikeride-gps-1deab00280dea5163b75203595766cd3d3c71cda.csv,87.75165639315121,5514.151934528122,4.2582048192771085,True
107,Ecosense\bikeride-gps-1e48ce91149943cca570ff679f963a897f0d27c1.csv,153.24679693557027,9560.146801872826,4.372044904137235,True
108,Ecosense\bikeride-gps-1e8351c4b698cdbda97e2b8f1fa685a805282699.csv,14.342107897789704,2600.1573618818493,4.421884758364311,True
109,Ecosense\bikeride-gps-1f15cf374fefc8301b412b963b555d47bcbbeed0.csv,30.49534483347664,3193.474241533371,4.180460641399415,True
110,Ecosense\bikeride-gps-1f4d449bc7b6e47ee9c554d5e0487e9a5b226597.csv,0.0,0.0,0.0,False
111,Ecosense\bikeride-gps-1fa0d120f4ed40c0188ac4e2556a3066f719cf5f.csv,28.591796822423092,23785754.9529361,3.8904604144527104,True
112,Ecosense\bikeride-gps-1fac9bbc0112716f1ddf68cb8d65d6dc961b7ac7.csv,25.268754736144828,1579.920917733926,3.3200195599022004,True
113,Ecosense\bikeride-gps-1fc8f7d1571ebe553a5ca52259f4b408fb4088ec.csv,20.06768613149236,6065.0122068252185,3.7331454678362577,True
114,Ecosense\bikeride-gps-20a5cc25ace7fa786ba85b3467c4bd90ae68470b.csv,0.0,0.0,0.0,False
115,Ecosense\bikeride-gps-20c828acc8d7dac9485dbad059eb70078ba4df85.csv,42.96070394153301,11882290.31024368,2.9646745913818724,True
116,Ecosense\bikeride-gps-20df636635eefec18b5e4de8cde2a57b866b3614.csv,0.0,0.0,0.0,False
117,Ecosense\bikeride-gps-21e5ad1d5a0142df87af235b054e72d8aa191bb5.csv,36.30274497977923,3729.3260659143907,3.541424205378973,True
118,Ecosense\bikeride-gps-22fb188d70b5f6fa5da22b79300746f7efb3dcc2.csv,33.05800530561187,1750.150722063304,2.9758426724137936,True
119,Ecosense\bikeride-gps-23fd2d39d734509ca772f93260ce9c5ef535e5cc.csv,25.23927461588682,19425.83002932907,4.3024217090069286,True
120,Ecosense\bikeride-gps-24d1f571f8390b939a9e0b7f387fe8890d469ded.csv,30.895537545518856,895.8080284891313,4.830372670807454,True
121,Ecosense\bikeride-gps-27daebd4ceca9a1af69f2b2b565b111e33537aaa.csv,15.19277277342807,1958.0676092647816,3.7715540229885054,True
122,Ecosense\bikeride-gps-27f49831f978ead7abf4ff2c2a10569bc3e314c8.csv,15.348938068496427,3429.6064708910344,4.9143634719710665,True
123,Ecosense\bikeride-gps-27fe6e89e912a9f43557935bcbb31f7fc02788eb.csv,0.0,0.0,0.0,False
124,Ecosense\bikeride-gps-28a718391ca6f397106d2ea9026b963fd15ffe82.csv,0.0,0.0,0.0,False
125,Ecosense\bikeride-gps-28b56e11f7823656b492047e2cbf7ab48e52e64e.csv,76.21565097781296,11882627.419900408,3.7355546218487374,True
126,Ecosense\bikeride-gps-28d471fd7d820d74e80057ea95e895bfd088afbf.csv,86.15385906652412,5477.748235260995,5.6773375,True
127,Ecosense\bikeride-gps-28fdc39b5a312dd81a4c3eb5c511ecef6c2d3acb.csv,0.0,0.0,0.0,False
128,Ecosense\bikeride-gps-29ed4feebb343635fb0d95868385edc8b64ed2d2.csv,0.0,0.0,0.0,False
129,Ecosense\bikeride-gps-2a31618c2c5c8b2a25329168091524a0ada5c735.csv,0.0,0.0,0.0,False
130,Ecosense\bikeride-gps-2a8b76488cd9ed3f2d487c3205e389f5933691ee.csv,46.51043133077766,1496.435759439525,3.4944254658385088,True
131,Ecosense\bikeride-gps-2afdaaa4996c5263d0aeac18b7a277d19a064df8.csv,0.0,0.0,0.0,False
132,Ecosense\bikeride-gps-2b0add8a4072262030d60bfcc15798428c48bf6c.csv,0.0,0.0,0.0,False
133,Ecosense\bikeride-gps-2b10c5f1ad7f6b43d1d6dbabacbe344356b09024.csv,37.34138098583972,1598.4784787847266,3.0978447488584484,True
134,Ecosense\bikeride-gps-2b28bc77dd4dd925530e2b4be4643f1d20a35a89.csv,0.0,0.0,0.0,False
135,Ecosense\bikeride-gps-2b909474b31cf44c9bece31711cfb936cb75900b.csv,34.259249115100175,5111.19344436468,3.9133015625,True
136,Ecosense\bikeride-gps-2c629d9109b60916579e3d70efeeff62c2277450.csv,59.32743155960728,23766806.20986872,4.671340952380953,True
137,Ecosense\bikeride-gps-2cba13a0ab1d5ac78d51ad04bc05d699b72a323b.csv,0.0,0.0,0.0,False
138,Ecosense\bikeride-gps-2cd05154a79e134889f3862d5b3cd4b5b11853a7.csv,0.0,0.0,0.0,False
139,Ecosense\bikeride-gps-2cd3930963ee06f5e4ca9ed59f666afc5c85cdac.csv,116.42534758394301,2440.4220986447785,3.9742777777777776,True
140,Ecosense\bikeride-gps-2d03cb2cb4a70fd57b3eaaba461a93875bc45f3c.csv,73.98410305199495,2756.1384938496412,3.697,True
141,Ecosense\bikeride-gps-2d61c586b00788de6e45c3730f2278ebc146ba4d.csv,0.0,0.0,0.0,False
142,Ecosense\bikeride-gps-2d7011f719141082a0eabd604af002beead628e3.csv,0.0,0.0,0.0,False
143,Ecosense\bikeride-gps-2dde982a4f5acf1a4c06c5d004cefc75cfeed173.csv,0.0,0.0,0.0,False
144,Ecosense\bikeride-gps-2dff893f426ba657ed3b1107c8d10330d5e7e8f7.csv,0.0,0.0,0.0,False
145,Ecosense\bikeride-gps-2e4b53a61c40c5cb437140fbc5871d9a5e66cb64.csv,0.0,0.0,0.0,False
146,Ecosense\bikeride-gps-2eb2d2a2af60ac72b46be1910afacbddc165fa38.csv,0.0,0.0,0.0,False
147,Ecosense\bikeride-gps-2eba1d9cd5703dd3a9e6a2be1aa00d0a416aa86c.csv,42.87780289974163,11889864.91241349,3.0818968335035755,True
148,Ecosense\bikeride-gps-2ecdf6b59649cc1f9e801900fdca24c9db5b6646.csv,40.67339396302294,1173.6730752278365,3.905415441176471,True
149,Ecosense\bikeride-gps-2ee7fdfb9202d1347a5a18105db0a46494eb468f.csv,36.58082025341875,882.2660200727777,10.243809523809524,True
150,Ecosense\bikeride-gps-2f0704cf3cf9a3736b0d8dd0399607cd7f455238.csv,0.0,0.0,0.0,False
151,Ecosense\bikeride-gps-2f09ad6137c01daa8c189b03655adeb18d4c9bbf.csv,43.184825338883435,1809.469438751092,4.042579411764706,True
152,Ecosense\bikeride-gps-2f2546906493bbaec085bb486c541f7fe8a4dfb9.csv,23.29430250482069,2183.285766494093,4.126438864628821,True
153,Ecosense\bikeride-gps-2f3933b0514927bcbd3b07f17d76e59d2763170b.csv,16.987548642581384,2724.026349480075,4.349307101727447,True
154,Ecosense\bikeride-gps-2f56ac6268c6e7f0e2207a1c91d48819aefc6706.csv,0.0,0.0,0.0,False
155,Ecosense\bikeride-gps-2f60fd85a7fc57297687906389ca843a02ae85d7.csv,47.61378007093466,2240.176699442931,4.536463470319634,True
156,Ecosense\bikeride-gps-2f7f49cba8ff583c3da6f73005393e1f5f2756cd.csv,36.9561059144024,3814.45456449758,4.2407994687915025,True
157,Ecosense\bikeride-gps-2fd339ef6d5b0f3f5b595e0b26a56d16ab8ddea4.csv,14.57395916260935,2578.2125413212743,3.4857,True
158,Ecosense\bikeride-gps-30d1de17a22763fb0d82b9fbbe8632ff16dc5141.csv,0.0,0.0,0.0,False
159,Ecosense\bikeride-gps-31cce60dedb433db3c0ce1f1d5f77ce33bfa5bc2.csv,17.506475284400636,3483.654418899485,4.962394197952218,True
160,Ecosense\bikeride-gps-31d5023a9071d7f08c4255e821bd31ff7988cc5b.csv,0.0,0.0,0.0,False
161,Ecosense\bikeride-gps-31e51048675e0287bf283116935417b2e4938a99.csv,29.14635809858847,7258.214628904952,5.896418495297805,True
162,Ecosense\bikeride-gps-31fffbf7b0b884cd0c84c7ab024e666e2c03ae0e.csv,20.133862078844366,2671.0933981363128,5.083157258064516,True
163,Ecosense\bikeride-gps-32cf55b62f367201bcfb82a4429b4b468959fd74.csv,0.0,0.0,0.0,False
164,Ecosense\bikeride-gps-32dfc98dd39021677f989e48a96b907043aa7688.csv,33.46865480042258,794.1535572562046,4.159594444444443,True
165,Ecosense\bikeride-gps-32e4bfd12a589eee60756519cb3c7ccbe71e8dec.csv,64.92585791716625,42660.436653246594,5.267238672286618,True
166,Ecosense\bikeride-gps-33b3a5b04c513880cac588c94270402adfc966d7.csv,47.94966504116695,2812.8973603846166,3.561428125,True
167,Ecosense\bikeride-gps-33e238866bce8399036d342366d6f1ef8b07e64c.csv,0.0,0.0,0.0,False
168,Ecosense\bikeride-gps-33eaac80ae609ba6713df5967bb32e4f9eab9ebe.csv,47.00308625506164,2207.916769311396,3.6476905737704914,True
169,Ecosense\bikeride-gps-34aa87b8316e1d2e47ac567d8b323f120bf68ba2.csv,0.0,0.0,0.0,False
170,Ecosense\bikeride-gps-34bb6e6b9b7a745d9216a5ee86939bb5d4a47805.csv,38.55859493445967,1406.8180988805027,2.5546766055045875,True
171,Ecosense\bikeride-gps-34c45280d9c6fe3c2a0f2334f8b5aaa78f98b20d.csv,0.0,0.0,0.0,False
172,Ecosense\bikeride-gps-34ebb77b8c622f5a728858e2b996dc5e5d831caa.csv,0.0,0.0,0.0,False
173,Ecosense\bikeride-gps-35a40a2e9a49f941df813533a3634a09884ef90c.csv,129.52734461632141,2077.913233649072,4.188423809523808,True
174,Ecosense\bikeride-gps-35bfc556bd76f6bcdf0d5d949c99373cf8849b62.csv,0.0,0.0,0.0,False
175,Ecosense\bikeride-gps-35f4c77ef70168bbc35a6339fa89bbfa121860ca.csv,0.0,0.0,0.0,False
176,Ecosense\bikeride-gps-36a51dc00988c842e595822e93847c44b6914f80.csv,21.598538961761953,2182.688382316766,3.342222836095764,True
177,Ecosense\bikeride-gps-36ee7b06cb960428460a624d330db2bfe3accfe3.csv,13.998649793984306,3239.823830804887,2.828966666666666,True
178,Ecosense\bikeride-gps-36faa0a1fa8cae8aad1eff656e16f17a4d0a7de0.csv,80.00687238231964,978.0516186783276,5.5567816091954025,True
179,Ecosense\bikeride-gps-36fea58f813c2497c064b43968c658e5a8b172bd.csv,0.0,0.0,0.0,False
180,Ecosense\bikeride-gps-37a335c18e1c02a8e6a1d6f87cef9fc015882180.csv,0.0,0.0,0.0,False
181,Ecosense\bikeride-gps-37ef1425da827d25f4452e7f409aae047ae42370.csv,0.0,0.0,0.0,False
182,Ecosense\bikeride-gps-38ef840003d2422facddc3c45d5a8a7da96bbba5.csv,0.0,0.0,0.0,False
183,Ecosense\bikeride-gps-39e8279d6d058cc3f156eefb6f01c9a7c2db234a.csv,0.0,0.0,0.0,False
184,Ecosense\bikeride-gps-3a07645fb340a8380d61842e248456b9169b880d.csv,0.0,0.0,0.0,False
185,Ecosense\bikeride-gps-3a16e653b13ff9028f6cce372d65b6bf5d448ea9.csv,0.0,0.0,0.0,False
186,Ecosense\bikeride-gps-3a3366f695af30d30e7d0036070ee011d21a4d99.csv,9.375767453098481,1102.746506065252,4.112579365079365,True
187,Ecosense\bikeride-gps-3a98e8a66a57fc0b88858e395930c9b5079dad6a.csv,20.19488925513212,11895504.957058007,5.788964656964657,True
188,Ecosense\bikeride-gps-3aaed4f25908fad18f8120fd440882e6f34effa3.csv,133.41094593635728,9794.822816219248,4.564281169830681,True
189,Ecosense\bikeride-gps-3add95b907a79c7284b050f7c3c2cc5e15e213a2.csv,0.0,0.0,0.0,False
190,Ecosense\bikeride-gps-3b11d986bfc8a56776475806f6f3d54124f7414f.csv,81.36526048946867,11882584.43077988,2.3537733619763697,True
191,Ecosense\bikeride-gps-3b161eb9568369850d08d6a12aee47d8381b3a65.csv,0.0,0.0,0.0,False
192,Ecosense\bikeride-gps-3b831c856b1a2d4c98eb18310408cc02c2a74fb2.csv,17.796654051020024,4731.836016783526,2.89023473541384,True
193,Ecosense\bikeride-gps-3b9df6eaef10656484efa6ed533f990b423d4a18.csv,0.0,0.0,0.0,False
194,Ecosense\bikeride-gps-3ba96f140d11e79ce7ebe89c7f6dca9435ccf268.csv,83.34245148172606,7401.327448715568,5.235613886536833,True
195,Ecosense\bikeride-gps-3be293b054d1f127e69080fe34e179344e8771e3.csv,35.44609698407018,160.50880346130518,3.2294117647058824,True
196,Ecosense\bikeride-gps-3c021b60200b380175b00e0de027c8fb2adfe7e9.csv,53.6476078393402,3740.3418904768573,3.6886470588235287,True
197,Ecosense\bikeride-gps-3c146c06c51bd6c5c11728f99ccaeff4a1326638.csv,0.0,0.0,0.0,False
198,Ecosense\bikeride-gps-3c1e4798cc05844bda5e59619e59a5dce37e55de.csv,12.163465334409304,1583.978383151701,5.5213160173160185,True
199,Ecosense\bikeride-gps-3caacd447bc101e428a65d83a0206c95a4e70dd0.csv,0.0,0.0,0.0,False
200,Ecosense\bikeride-gps-3cacc136a5c96acafc4fc7d574e4345ee5b40f28.csv,82.79604919062389,1241.1044696911258,1.8586217391304352,True
201,Ecosense\bikeride-gps-3d7c7b9792acafdea0229d2fc0f02ad02c3038cc.csv,0.0,0.0,0.0,False
202,Ecosense\bikeride-gps-3d8c21a499fd39578656ae9e8cb615631d2435d7.csv,53.23509575128556,14.506260267432921,3.5108,True
203,Ecosense\bikeride-gps-3dce8fac2102e0d8ee7deafb31781c79d5fa02c8.csv,34.65421919705046,2622.8121609521595,3.3634358974358967,True
204,Ecosense\bikeride-gps-3e027399bccdf59019b2d21d82fb24fb3cd295ac.csv,58.91668106746804,12166.014316139588,4.480365051903113,True
205,Ecosense\bikeride-gps-3e71441707c237ee9220f055b41676f4f1db685e.csv,64.09733839098918,151.77884286165582,5.045225806451613,True
206,Ecosense\bikeride-gps-3e77a04e4ebd3d94100a19e2b52a6083ffac7859.csv,0.0,0.0,0.0,False
207,Ecosense\bikeride-gps-3f8a21dfe2f78f7b987a0e78a445f9aaef6dcf4a.csv,0.0,0.0,0.0,False
208,Ecosense\bikeride-gps-40b0735b925319dddf76c1cc37317e3f5791643d.csv,66.61374847002648,2691.619693752529,4.205063218390804,True
209,Ecosense\bikeride-gps-40daf98cb6ee10e3ce4cf7a8df5ee97ea5162cdd.csv,39.624304058673495,47520096.45931947,2.4217731277533043,True
210,Ecosense\bikeride-gps-41bab07100f6311dd83d49ae6a7c4d4702f1227e.csv,0.0,0.0,0.0,False
211,Ecosense\bikeride-gps-41bc4bf68027fbb4ef1da4166dc171cd9e72e5bc.csv,113.86425426383629,2179.917891669774,4.527490825688073,True
212,Ecosense\bikeride-gps-41f72520cd47c332200e535b9379a40f567866fa.csv,15.469129727292529,3453.0069887015593,5.175679180887372,True
213,Ecosense\bikeride-gps-42a261d30aa5e333b24965791ffbfc2a01723cd8.csv,20.538125321275558,2496.839872931511,3.8010946372239753,True
214,Ecosense\bikeride-gps-44a385e41562447a2e8c4adcfcfae3fd47c56c0a.csv,0.0,0.0,0.0,False
215,Ecosense\bikeride-gps-44d3031f227c44253ea8d67e33557f11052029d7.csv,0.0,0.0,0.0,False
216,Ecosense\bikeride-gps-45aa6afbe67e583637a0859c17f95b0dee4e6699.csv,0.0,0.0,0.0,False
217,Ecosense\bikeride-gps-45b0ad32c692f8d2d94347d7999c6046d0bea37a.csv,0.0,0.0,0.0,False
218,Ecosense\bikeride-gps-45b529a396dc4218dd1b3c4a28545d452d12e93f.csv,33.54253968111439,1132.408066922281,3.6586976744186046,True
219,Ecosense\bikeride-gps-45fe483794d6a77f7e30603c1614bc64cb7286d1.csv,0.0,0.0,0.0,False
220,Ecosense\bikeride-gps-46d90654dee855743e646d84fedfc11c0b719331.csv,10.820112450327153,2769.9902835741523,8.966763888888886,True
221,Ecosense\bikeride-gps-46e59e8f2ec86d1a3ab407fcbe0418a896f1ff6f.csv,0.0,0.0,0.0,False
222,Ecosense\bikeride-gps-46f859602b59dd54346c16cb9dc85ef52907203d.csv,8.296047025487084,4271.598919128499,3.2713314553990607,True
223,Ecosense\bikeride-gps-48f362f07eace7171b7442a8c13c965e1ee53e2c.csv,45.988278785981066,35644787.44140219,4.378891329479768,True
224,Ecosense\bikeride-gps-49f4b3213b49b61ecf7dbcd8eda6f2574aea0456.csv,0.0,0.0,0.0,False
225,Ecosense\bikeride-gps-4a25774de80e041d368c79bd65d287f99e09960b.csv,42.19650046351885,749.6256851859395,5.24315,True
226,Ecosense\bikeride-gps-4a4090752249cf14074097215ffca2900a7dd609.csv,0.0,0.0,0.0,False
227,Ecosense\bikeride-gps-4a928fab188f58602ecf39dc85e163af6e29d79a.csv,20.583986794882648,4112.828287498483,5.168912820512821,True
228,Ecosense\bikeride-gps-4ac1267e5504bb32eddb1e9c1d76cc0f5bfb5647.csv,44.0560953275288,11889095.066090684,4.239872707059477,True
229,Ecosense\bikeride-gps-4af46a979611caa29ce18c4b7b09619117d56b0c.csv,0.0,0.0,0.0,False
230,Ecosense\bikeride-gps-4b26483d52d39dc9c531a8b8e27ff13262b90649.csv,0.0,0.0,0.0,False
231,Ecosense\bikeride-gps-4b545dfd85c5761c19f5cf6944b2dd13fcaf019a.csv,0.0,0.0,0.0,False
232,Ecosense\bikeride-gps-4b62589d52436a5f817d4d9aa1cd1921469424a3.csv,0.0,0.0,0.0,False
233,Ecosense\bikeride-gps-4b9ce4759d707ab225c4ba246a33b281468f4955.csv,0.0,0.0,0.0,False
234,Ecosense\bikeride-gps-4bb389458ee9965e881d1e3ff8ea392c85364f27.csv,36.17541129106077,7158.017712542114,4.122334219269103,True
235,Ecosense\bikeride-gps-4bc6802fd28e6f489f928c0f1f356a6033ab3e41.csv,0.0,0.0,0.0,False
236,Ecosense\bikeride-gps-4bf030d5e2dd3a80533577aedf2960ff367b9571.csv,81.49198358890128,3544.7803950385023,5.359504145936982,True
237,Ecosense\bikeride-gps-4c221b5f1f5c1a8cef09b3ab8dac119f4de1b985.csv,17.985789479480843,1072.5126995248336,2.307262626262626,True
238,Ecosense\bikeride-gps-4cbd299b290c27dcfb6b2009b2e06909c7e1623e.csv,0.0,0.0,0.0,False
239,Ecosense\bikeride-gps-4d9f20d328868b99806f06b7bb5abad538fd50ab.csv,0.0,0.0,0.0,False
240,Ecosense\bikeride-gps-4dbe8a3c1d9727f78fe8f23d49d50f18b8c0c456.csv,0.0,0.0,0.0,False
241,Ecosense\bikeride-gps-4dcc6a83efbabcd9d676008b766b1962a3ca189f.csv,65.85113869965492,11883123.047622858,4.889639198218261,True
242,Ecosense\bikeride-gps-4e2fac2ad1b5a40adaed20861042ad2d08a52979.csv,79.31110334193053,4999.483729380082,4.745771490750816,True
243,Ecosense\bikeride-gps-4e3debb0af18d40cb4850b58e9bc8b6ff266b648.csv,83.27997775902931,5101.485690929484,5.316533653846154,True
244,Ecosense\bikeride-gps-4ea14d7fad6d709ca5b6daa5a692ddf314c1b6a8.csv,169.68080779647798,3496.2246187233336,2.7406363636363635,True
245,Ecosense\bikeride-gps-4eb01f7637a3c4ee0e4ba265565b95da9e80f312.csv,0.0,0.0,0.0,False
246,Ecosense\bikeride-gps-4eb54f73a44976201914543c999ebacdb8fecaf6.csv,0.0,0.0,0.0,False
247,Ecosense\bikeride-gps-4eed8c91391faaaa99c6aa28e098b70d3c8aa8a5.csv,0.0,0.0,0.0,False
248,Ecosense\bikeride-gps-4ef0129b63adcdb3e1c7673c5e1509b61a4ea6a1.csv,0.0,0.0,0.0,False
249,Ecosense\bikeride-gps-4f0ce03b7d5a4d7fe20845a8362dbff142276073.csv,0.0,0.0,0.0,False
250,Ecosense\bikeride-gps-4f186c493c4dae1b29eaed5fb525c4364ab178be.csv,86.68955576765003,2481.5098948876994,3.5585171790235086,True
251,Ecosense\bikeride-gps-4f21941d997849db2231f1866afa58870e65e43e.csv,0.0,0.0,0.0,False
252,Ecosense\bikeride-gps-4f2503b6ce7ec6e2f925aadebc836a39a3e71cee.csv,25.40779693575367,8313.333927920741,3.597851218247796,True
253,Ecosense\bikeride-gps-4f982f827f81bba7e7011793c1d8280ac1c3d279.csv,75.1764481837054,990.7502359611689,0.9372174657534248,True
254,Ecosense\bikeride-gps-4faffec7b2eca16a6926dc6a8349e5ba5e516c46.csv,0.0,0.0,0.0,False
255,Ecosense\bikeride-gps-4ff1a9a46ace31aeb0d3dd1ed31f1df2a6a953df.csv,19.76890494013563,9568.167037713929,4.18056,True
256,Ecosense\bikeride-gps-50eff4ca378b3f2294a0751935bc6dcbd57d3b20.csv,0.0,0.0,0.0,False
257,Ecosense\bikeride-gps-50f3005e4e195d19aeb591352ecc0fa315a8ed6d.csv,0.0,0.0,0.0,False
258,Ecosense\bikeride-gps-51f4f8f1c7eb31ad61646f8802f9f8b086135be8.csv,0.0,0.0,0.0,False
259,Ecosense\bikeride-gps-52c7a5223dc70c06638e347d230b7a803fb620b4.csv,0.0,0.0,0.0,False
260,Ecosense\bikeride-gps-53b4e893f7a4a3978915e59cb856e9ff97de17ea.csv,57.425558407549524,166.41937227262275,2.7875,True
261,Ecosense\bikeride-gps-53cd4f4b1b5fdcc251ec60a94da59e666ca033e7.csv,15.697382033571465,3817.812036989052,3.7156012345679015,True
262,Ecosense\bikeride-gps-53e05cf3a6a5add336ed71f823a69b619e75e4d2.csv,0.0,0.0,0.0,False
263,Ecosense\bikeride-gps-53e66d142a118146d0dbd574cfeb85a0ac8b50e5.csv,18.47231933497005,1759.3940619169407,3.3007286432160807,True
264,Ecosense\bikeride-gps-54b98373650543356e27dc9588b010444cb7cd01.csv,15.316417574127367,3087.867829115188,4.038882179675994,True
265,Ecosense\bikeride-gps-54bd14c1eebb7b4e9a0ea1c9e03b4507f30511cc.csv,177.67249168594017,2510.2182372494585,3.4318112000000003,True
266,Ecosense\bikeride-gps-54beff6ee9d598185a1645f3eadf5c5904deddec.csv,0.0,0.0,0.0,False
267,Ecosense\bikeride-gps-54e245ac8e98dfcd620217b79519986ed7fdd56f.csv,18.38754695242132,874.6270433085643,3.991823863636363,True
268,Ecosense\bikeride-gps-54f1b1a41a2eff62de3ab2bcd111986b17bd67f4.csv,0.0,0.0,0.0,False
269,Ecosense\bikeride-gps-54fd6611b2009f00f6eb2daba0c5b8446908d7b1.csv,0.0,0.0,0.0,False
270,Ecosense\bikeride-gps-55c2de4e9d88133f9915e27e623e651fc403ecba.csv,46.991708184928,1475.4616645366093,3.565367688022284,True
271,Ecosense\bikeride-gps-55d0eecdea0ef35a3b760ec2d905f0706fcd362c.csv,0.0,0.0,0.0,False
272,Ecosense\bikeride-gps-55e4f798bf6f7c9db072b1a9335fb30c6332bc3c.csv,0.0,0.0,0.0,False
273,Ecosense\bikeride-gps-55ed8a03292bf68ce7ae2715b4ebf20360fae986.csv,0.0,0.0,0.0,False
274,Ecosense\bikeride-gps-55ffa0f09d7a559267ea77051136b8217d99fc41.csv,48.700590032479255,3258.5036981315197,3.1962374100719417,True
275,Ecosense\bikeride-gps-56ae8d8f2508a9bf870b1c56b4e649bb1cc6ab7c.csv,0.0,0.0,0.0,False
276,Ecosense\bikeride-gps-56e237fcf815623c30ef7074932db11094e9be42.csv,0.0,0.0,0.0,False
277,Ecosense\bikeride-gps-56f9d78e0eaf6eebd152af20461919d89dfbe0ce.csv,0.0,0.0,0.0,False
278,Ecosense\bikeride-gps-58a7f93ac59f8d32aec11f808069ffe722bb5c9f.csv,0.0,0.0,0.0,False
279,Ecosense\bikeride-gps-58ae74a843c52f424c7c42935df37c1f37b367c8.csv,16.83645932737262,5899.39528131052,4.0463488986784135,True
280,Ecosense\bikeride-gps-58ba5e332d91f4553ff80e3aa915945fe6868506.csv,0.0,0.0,0.0,False
281,Ecosense\bikeride-gps-58d198e1457a863d95bdeb36fac262abab732d68.csv,0.0,0.0,0.0,False
282,Ecosense\bikeride-gps-58d424158fc8a9697a0d4144e573f8e55f6fc955.csv,85.18875957270069,4066.438228783023,5.972439285714287,True
283,Ecosense\bikeride-gps-59a5dbdb27af4eaa8f2774a3e9849e1fbe9d7d3a.csv,0.0,0.0,0.0,False
284,Ecosense\bikeride-gps-59b112e688465aeaecc44d15020a068d90d1b9b2.csv,16.50771333049548,808.6090556667906,3.3617604166666664,True
285,Ecosense\bikeride-gps-59b4be47882b0dccc7b3a0195cf715b1f464747f.csv,70.32641485104243,3606.804387149026,3.9174320457796847,True
286,Ecosense\bikeride-gps-59d62e4462fcc4e90357df6c4b9df7270ec97a24.csv,71.27628905138508,2193.5301798639875,4.599452153110048,True
287,Ecosense\bikeride-gps-5a567f1703034da2b23231ab7e4a0f599dba71de.csv,0.0,0.0,0.0,False
288,Ecosense\bikeride-gps-5a85f541eec79760356e59083cd66921885dbe99.csv,20.822460338461514,11894077.205224073,5.402252887788778,True
289,Ecosense\bikeride-gps-5aa3a98c0cec41d69fcadb55e34aac1faa477eab.csv,0.0,0.0,0.0,False
290,Ecosense\bikeride-gps-5acd2c50a61e3e58cc816dc1cd3a6236034aed5e.csv,0.0,0.0,0.0,False
291,Ecosense\bikeride-gps-5b2f4159fa120a7f08ece010cf005ffa0fed512f.csv,0.0,0.0,0.0,False
292,Ecosense\bikeride-gps-5b30ab81e9bbee5555e7c995e6f9599dbad7162c.csv,22.962951592803012,39.088880378617695,6.458799999999999,True
293,Ecosense\bikeride-gps-5b755a71647b21a213da94add3c7517dade0c00c.csv,38.38647965983521,11895928.39400697,4.561475086334485,True
294,Ecosense\bikeride-gps-5ba521dcc2c344fb06fccefcc4fa5c088a322182.csv,0.0,0.0,0.0,False
295,Ecosense\bikeride-gps-5be782e1d7143940b446cce60ed0c40c200de4a2.csv,31.563298853091286,2989.1541477843266,3.997237179487179,True
296,Ecosense\bikeride-gps-5c718d78b88f3b540f45bf4a7a0226d16972c3fb.csv,18.288838449233253,10179.134188638596,5.013200767964894,True
297,Ecosense\bikeride-gps-5c793d9ea0274c2ddc668678c278a71cf00ac99d.csv,20.196815709970068,3004.904550058361,3.4348116129032262,True
298,Ecosense\bikeride-gps-5cf9af5ee402b5260f8cbbbb66391615bbd139ce.csv,0.0,0.0,0.0,False
299,Ecosense\bikeride-gps-5d059e48bb6dec62fcf2e2177ca851d6f909b815.csv,0.0,0.0,0.0,False
300,Ecosense\bikeride-gps-5d0edd36f725b0f5a92d0659ea32a850613bee5b.csv,0.0,0.0,0.0,False
301,Ecosense\bikeride-gps-5d2060ba6878473fc1419ef4141f78d9245b5c65.csv,0.0,0.0,0.0,False
302,Ecosense\bikeride-gps-5d49d8db2c913a4631c46f77380b67052def385e.csv,0.0,0.0,0.0,False
303,Ecosense\bikeride-gps-5d88204ec21a86e6c12547a61228e8ef48b1232e.csv,0.0,0.0,0.0,False
304,Ecosense\bikeride-gps-5ddb90768bd3fd395988438794d945b10fe4dffd.csv,13.17446299971717,3246.451996153996,3.920106060606061,True
305,Ecosense\bikeride-gps-5dfde38267875cba23499926844303a12187622a.csv,0.0,0.0,0.0,False
306,Ecosense\bikeride-gps-5ec321b9dfb168f4c8661d6c0ba91d80c4997814.csv,0.0,0.0,0.0,False
307,Ecosense\bikeride-gps-5f1be251b0efef0c058bfce6cf89579ccf6ba6dc.csv,0.0,0.0,0.0,False
308,Ecosense\bikeride-gps-5f44611dab375cc2c5a9609d8a5d6fa2343bdbc2.csv,0.0,0.0,0.0,False
309,Ecosense\bikeride-gps-5f599147fdb8203bbbe62b98458f72bca9e19871.csv,0.0,0.0,0.0,False
310,Ecosense\bikeride-gps-5fae7985895f8eba44775911c4ca45cb58bfe740.csv,0.0,0.0,0.0,False
311,Ecosense\bikeride-gps-5fbf3094a70cb8dd4a89ce75db4d1f0f7c5ac0f7.csv,0.0,0.0,0.0,False
312,Ecosense\bikeride-gps-6a37182e88ecc2b1604db3650ec6aaf58d2d30b0.csv,83.50691144960022,4063.0539428851257,6.410474153297683,True
313,Ecosense\bikeride-gps-6a38a2885bc0510d04a0be5f3a2dbd07a34b8651.csv,18.0471276930882,1058.9628448798337,3.4061449814126386,True
314,Ecosense\bikeride-gps-6a566fb98b4b6614b917eaf7a86419e9c95bed22.csv,0.0,0.0,0.0,False
315,Ecosense\bikeride-gps-6a93a28ba0a07747e9adea883ba98f6d5d05d72f.csv,0.0,0.0,0.0,False
316,Ecosense\bikeride-gps-6aeee212f4e508b305bc7b93ecff68e5294ed670.csv,0.0,0.0,0.0,False
317,Ecosense\bikeride-gps-6af03fd6f1c2e3f295afafef20c893f6edac16d8.csv,17.799942755108784,855.4203823147935,5.001463414634147,True
318,Ecosense\bikeride-gps-6af3da48e5b5d2054f98333690e23d60c2c5aa98.csv,0.0,0.0,0.0,False
319,Ecosense\bikeride-gps-6b318769771323c582dd9e5f0a9c9a723f386bdb.csv,70.2524269112094,23761209.110187825,4.025529137529136,True
320,Ecosense\bikeride-gps-6b60e1d35b1e85f7fe56e6c2f8ff6073f9204a76.csv,55.60434716963928,4841.470566002299,3.0961216666666664,True
321,Ecosense\bikeride-gps-6b770ef0f7dd1c18bf0c011aeb6412ad6e607bcb.csv,15.043594014728985,758.8025453535089,2.7871363636363635,True
322,Ecosense\bikeride-gps-6bbd5970c70ee3466bc4954d24667f297ddc3259.csv,61.05898950314667,2665.163097827627,3.9955494505494498,True
323,Ecosense\bikeride-gps-6bd77ae1135cae6b7ba10646b8d3a14ead48c601.csv,0.0,0.0,0.0,False
324,Ecosense\bikeride-gps-6bea2a91b377ec408beff03873aee6be6a3f3c34.csv,0.0,0.0,0.0,False
325,Ecosense\bikeride-gps-6bfd693d5bfbab0f433776f816790736cd5bef2b.csv,0.0,0.0,0.0,False
326,Ecosense\bikeride-gps-6c2b4430f5529510ecace22884c876a0fc181f29.csv,21.565879863627124,2652.852821080625,3.4039862174578865,True
327,Ecosense\bikeride-gps-6c5a9ea48eff1789e1ca8f81c9212eff8e7fdcb0.csv,0.0,0.0,0.0,False
328,Ecosense\bikeride-gps-6c5e7f03351f138977ca28940584326280bdf0a6.csv,22.788307886578806,5749.581301633061,4.386853577371048,True
329,Ecosense\bikeride-gps-6ca68dc6baa36bb5c47f6395e4013a1ca3ea5016.csv,60.83450587866499,11882029.501114255,5.136294964028776,True
330,Ecosense\bikeride-gps-6cafbfcfa895cbde2ac9a2b42350c55d4eeac711.csv,17.386709406505734,3428.7281619392606,4.691410434782608,True
331,Ecosense\bikeride-gps-6cf5c4ad7e5f77a09e9c4c2ef272dcd0d5f04c91.csv,139.64537622290968,1264.954320937088,1.9704454148471613,True
332,Ecosense\bikeride-gps-6cf885836e7d9eade9fff6bf02369fab96a38a1e.csv,0.0,0.0,0.0,False
333,Ecosense\bikeride-gps-6d2268763471bb07d6fa7485ea9a9db2b9c0de12.csv,37.44744107812393,347.4569652474381,0.9929554455445544,True
334,Ecosense\bikeride-gps-6d50de45284a5d1ab7483fec7f72d65f2d29790e.csv,0.0,0.0,0.0,False
335,Ecosense\bikeride-gps-6d783a65689e515a2a711c506c4e85af8d96cecb.csv,13.604979847490165,169.34813565974918,4.788764705882351,True
336,Ecosense\bikeride-gps-6da48956238a8267274ddd8551006ff59392c24c.csv,76.36288712513304,35321.384775176804,4.2191265670202505,True
337,Ecosense\bikeride-gps-6e0464fe0f40d7bcafc8e3a36a63c8a241f1e515.csv,0.0,0.0,0.0,False
338,Ecosense\bikeride-gps-6e49c961e4a69cc8839aaac77c8915c7feaa7e4d.csv,0.0,0.0,0.0,False
339,Ecosense\bikeride-gps-6e5f228a7c0c05a590345eac4e59b9b04e22d3a5.csv,20.54322489888544,749.7507621348701,4.328499999999999,True
340,Ecosense\bikeride-gps-6e658caf5d2c04928a89b267f9f95293de24f1a7.csv,0.0,0.0,0.0,False
341,Ecosense\bikeride-gps-6e8ff3770a0e815fffc983526e763cff7c024f71.csv,0.0,0.0,0.0,False
342,Ecosense\bikeride-gps-6eaa39e8e383ae750ba4265eb35e31c6aec1253b.csv,0.0,0.0,0.0,False
343,Ecosense\bikeride-gps-6eb52c1d9112863b915a718cb8e6ae3006094f9c.csv,0.0,0.0,0.0,False
344,Ecosense\bikeride-gps-6ee7471a9bb9d08e9ee878dd051c1226d55b44be.csv,39.53741830476263,1025.7255042146803,3.3243977272727268,True
345,Ecosense\bikeride-gps-6eed6193e24ad233cf310795189fae956832a725.csv,0.0,0.0,0.0,False
346,Ecosense\bikeride-gps-6ef6fb8f2e02fe8d350f726a829f0066f70009ad.csv,53.32999546088392,3906.7109062860213,4.0598054474708185,True
347,Ecosense\bikeride-gps-6efccbd31b40ea16432ee953d776f82d9764b17a.csv,0.0,0.0,0.0,False
348,Ecosense\bikeride-gps-6f050d30800912b26230bb71f8d300654c052f53.csv,0.0,0.0,0.0,False
349,Ecosense\bikeride-gps-6f48c7ff84193a064524af66e44b23c0c9565721.csv,0.0,0.0,0.0,False
350,Ecosense\bikeride-gps-6f7573c411c742c1b388a47d6b96f6b2d262edcb.csv,57.85280811102064,8196.168099958366,3.571311133706152,True
351,Ecosense\bikeride-gps-6f7c876fc6aba62cfe3ef8c5df956b54f50d36e7.csv,29.83154768118317,7069.759343675186,3.780425742574257,True
352,Ecosense\bikeride-gps-6fb4594f7aaaa9f887e37ec71e54ebd4b474c7bd.csv,0.0,0.0,0.0,False
353,Ecosense\bikeride-gps-7a309121d9941ddf758c0d973cc8341a97062acf.csv,79.87816471525686,2304.1717756225703,4.439546728971963,True
354,Ecosense\bikeride-gps-7abffc9db57542ac74f65899eb2bbd41066ee87b.csv,0.0,0.0,0.0,False
355,Ecosense\bikeride-gps-7ad48b87e8a4c8966d278b3cea5f111ef72cc0f4.csv,19.9461347014188,12167.166550500138,4.8940179263565895,True
356,Ecosense\bikeride-gps-7ae9bd7d1bb367d260f86dba5b88c2f102477ad9.csv,48.94289827767293,35650050.89649633,2.5568825870646767,True
357,Ecosense\bikeride-gps-7b2bde087af45114a47b1aa07df5f51e2c3dff81.csv,0.0,0.0,0.0,False
358,Ecosense\bikeride-gps-7b522750e2b4003732eeff8a1a1e641ec8d79b7d.csv,15.716025404963208,611.463712018818,2.5948507462686567,True
359,Ecosense\bikeride-gps-7b63f7b7935648d19860ee118367b2678876098d.csv,0.0,0.0,0.0,False
360,Ecosense\bikeride-gps-7b8e17c24a2c12cbc880dd8bc4bbfe769be86b31.csv,0.0,0.0,0.0,False
361,Ecosense\bikeride-gps-7bc4d5bc637c170251f1a4a965ff22dc8d03456f.csv,0.0,0.0,0.0,False
362,Ecosense\bikeride-gps-7cbf2b074a68c448551f8404f8470d14adf040c8.csv,0.0,0.0,0.0,False
363,Ecosense\bikeride-gps-7cee431fe711b4da2aef51cbf23ee5149f88355e.csv,0.0,0.0,0.0,False
364,Ecosense\bikeride-gps-7d21060dacf2249dbaffe41d6fc30e59cd1f864a.csv,55.87877527070994,2667.183856757755,4.27367294520548,True
365,Ecosense\bikeride-gps-7d2f9e25f874881e520d90fffe4e83e45e6ad02a.csv,17.39622251802119,5234.081699432511,6.626107692307691,True
366,Ecosense\bikeride-gps-7d75f38110848d16bdf8818c05bf549634ee5db0.csv,0.0,0.0,0.0,False
367,Ecosense\bikeride-gps-7dc4bdae599d7dde951fb1765afc6b4d8f955c8f.csv,0.0,0.0,0.0,False
368,Ecosense\bikeride-gps-7dd4da5056b2c7b377dc986734d9260ad4161f14.csv,0.0,0.0,0.0,False
369,Ecosense\bikeride-gps-7e199ab77ee347698921b6b9b975d8f509beb742.csv,91.08694319182396,31547.096855258285,4.256723546511628,True
370,Ecosense\bikeride-gps-7e25099a92c7b8cb30ebb0f8be64e8437d0562e1.csv,15.341362676439646,4316.313999957202,2.158387192851824,True
371,Ecosense\bikeride-gps-7f0ee187f6594c2c2a0c7d9e6f47250fb7bc3398.csv,0.0,0.0,0.0,False
372,Ecosense\bikeride-gps-7f407670b9d03e55199cd07150e7bf8540c111de.csv,69.88538232008486,12379.780052343101,4.224733573717949,True
373,Ecosense\bikeride-gps-7f7f9bef0cb7bcc64addb6c7fb65bdfd973e05e7.csv,0.0,0.0,0.0,False
374,Ecosense\bikeride-gps-7fa8a2f9e878b6fd0d7d0f3bcf42be894a3c4871.csv,0.0,0.0,0.0,False
375,Ecosense\bikeride-gps-7fc18e50d76fb5b529a8864afe00ea1f6d1ed9cd.csv,0.0,0.0,0.0,False
376,Ecosense\bikeride-gps-8a11f9567045279e238f810aa62d97ba847e0e04.csv,153.54411696417583,2409.5752559795183,1.4756361426256075,True
377,Ecosense\bikeride-gps-8a150d53694de663ea5261f986a0eb4fd073ffe0.csv,0.0,0.0,0.0,False
378,Ecosense\bikeride-gps-8a367d1a0a5c9605217e858422a526539a4d9c16.csv,0.0,0.0,0.0,False
379,Ecosense\bikeride-gps-8ae64eb12c5739ce8ca7ff8d4d315cd4b0a0995c.csv,0.0,0.0,0.0,False
380,Ecosense\bikeride-gps-8afa8ba8edb0241885062ca6434bb89960729ee4.csv,0.0,0.0,0.0,False
381,Ecosense\bikeride-gps-8b27b834de54679b077f7f08bda060d505d0c214.csv,0.0,0.0,0.0,False
382,Ecosense\bikeride-gps-8b57e6916a8410ae149770bf27e885ae38539e8a.csv,0.0,0.0,0.0,False
383,Ecosense\bikeride-gps-8bac815491504c7bceaebaba211f82a35caeda96.csv,11.807807188052056,1566.4904138049435,6.603986425339366,True
384,Ecosense\bikeride-gps-8c47fdcf9cb1e2c06d4a1392791fec7a0cbf6ac6.csv,0.0,0.0,0.0,False
385,Ecosense\bikeride-gps-8c76584e6cc9173f220c865be0cf174f4eeb5e6c.csv,0.0,0.0,0.0,False
386,Ecosense\bikeride-gps-8c892f359e53c6b2711ae62335cb133a66ca2776.csv,0.0,0.0,0.0,False
387,Ecosense\bikeride-gps-8cd2b90c7f85d6a7091ef42f48225941dc9da306.csv,41.0095028228659,5053.232814255504,3.802551063829788,True
388,Ecosense\bikeride-gps-8ce2f7bc6a8ca68ba26f0eb645df407167780c4b.csv,21.38951320831552,4555.548664428686,3.5596896551724138,True
389,Ecosense\bikeride-gps-8d32b5d327e9bb9c03c5d57abfb4f47c94ab5cb2.csv,168.32718748255306,2634.092635288917,3.242986918604652,True
390,Ecosense\bikeride-gps-8d62f2b1d0ff6c351e7ae102c1692148f84ea915.csv,0.0,0.0,0.0,False
391,Ecosense\bikeride-gps-8d643fc45e2788ea3cd86470b41b5769a93ce4d3.csv,53.284087106976564,1046.9633287151544,1.9027922705314009,True
392,Ecosense\bikeride-gps-8dc8d90b94862030de659d7a950dc4e78e7a734a.csv,120.0087919947662,3606.4448909965668,2.7105188356164382,True
393,Ecosense\bikeride-gps-8dcd5334bf2287b7d56d1bc4cd8b7cd7e5270717.csv,0.0,0.0,0.0,False
394,Ecosense\bikeride-gps-8e154738396eb0af95c44f85e0773cb4d85060da.csv,0.0,0.0,0.0,False
395,Ecosense\bikeride-gps-8e509603bd4201c4ba81876931d8197e83ea6d49.csv,0.0,0.0,0.0,False
396,Ecosense\bikeride-gps-8e8318bf10f3f93f0cf23e3c0ffa78a6e1f5e7a2.csv,0.0,0.0,0.0,False
397,Ecosense\bikeride-gps-8f60cc2d2ad6facc307c409b6279f4736b4e01cd.csv,0.0,0.0,0.0,False
398,Ecosense\bikeride-gps-8f9c6dcd8fdc811d0cea667a5e2f75fb9aec7867.csv,0.0,0.0,0.0,False
399,Ecosense\bikeride-gps-8fc72ac7ab6a501d664660f058ffdd01d1af5ee3.csv,0.0,0.0,0.0,False
400,Ecosense\bikeride-gps-9a1a329ebbb2c5e97eb9c4124e81fed56b7924d1.csv,0.0,0.0,0.0,False
401,Ecosense\bikeride-gps-9aa3eec378e8501198e7dcfb12f6e8c1bf5b0254.csv,12.789892378074649,2553.826796474624,5.695941644562334,True
402,Ecosense\bikeride-gps-9afefa9ad227e0faad8161fddf93e3359cf37d2c.csv,0.0,0.0,0.0,False
403,Ecosense\bikeride-gps-9b11813c3f9dc53c52872e81ca289971e950d604.csv,19.309177755324786,3981.3177911850294,3.916318681318682,True
404,Ecosense\bikeride-gps-9b5534e67a62e073abe660baa861c8eabeba0a32.csv,69.45189945556879,23768060.317801725,2.512919651500484,True
405,Ecosense\bikeride-gps-9b99366def4cbc87f6414e9c41c1f612e15a7030.csv,0.0,0.0,0.0,False
406,Ecosense\bikeride-gps-9ba64e0df7d5300820e2e2453166ecc00a99c05a.csv,93.70209946047122,37447.88228253023,4.215154964780732,True
407,Ecosense\bikeride-gps-9bbf2443a8ff53a87ab0ae695181ee04d1dfe80e.csv,0.0,0.0,0.0,False
408,Ecosense\bikeride-gps-9c06a64fcb4257ec886c276979e29ab69a6712ee.csv,78.88754881128858,4016.3105465010212,5.624940366972479,True
409,Ecosense\bikeride-gps-9c2212a74c60f47ebee3f19cad7019d74808963a.csv,0.0,0.0,0.0,False
410,Ecosense\bikeride-gps-9c96c4612740255c7465b052eab95288a0623cd6.csv,107.3002942585384,59406517.91254765,3.1691186813186816,True
411,Ecosense\bikeride-gps-9c9dd951d2fee9819cae3f4c936c00fb0773a64d.csv,62.864501662452795,9855.667450917352,3.0123076049943247,True
412,Ecosense\bikeride-gps-9d3a625b7fbf295a07d35d83cb8ded2ce74c3d76.csv,23.40237588471132,1532.9404804413275,4.088682758620689,True
413,Ecosense\bikeride-gps-9d444d3d55264641c51b942c0e9331e7c7dae96b.csv,0.0,0.0,0.0,False
414,Ecosense\bikeride-gps-9d67870552f3a5aba8abdf003b32826dbae8d2e3.csv,0.0,0.0,0.0,False
415,Ecosense\bikeride-gps-9d7e0569bdb238f2ce2abfb15e47a652c119ddb7.csv,0.0,0.0,0.0,False
416,Ecosense\bikeride-gps-9d9d1c9440308b2e57d07cc1869c0aff5a1b1157.csv,0.0,0.0,0.0,False
417,Ecosense\bikeride-gps-9dbd8377cd3b644662d9dbb9e2690822e43c42e2.csv,15.073183606255562,3614.617746282107,3.6121019522776576,True
418,Ecosense\bikeride-gps-9dc4d0fc4b1f34e6c2568b440a51a22e7a0efac5.csv,0.0,0.0,0.0,False
419,Ecosense\bikeride-gps-9dd103f4888034c371060177c5c31ba6735ae3a3.csv,21.716147494964684,2905.151935806933,5.767135021097047,True
420,Ecosense\bikeride-gps-9e1b151c2bc2b2e6f038229d74801ddf1bfdc4ae.csv,19.81990307985645,5436.366788902875,4.373003565062389,True
421,Ecosense\bikeride-gps-9e33ef6d6f37dd0910cfb7bf7ad3dac1b305f866.csv,28.10476720528297,1482.7459542856311,3.071589371980676,True
422,Ecosense\bikeride-gps-9f63540d01d23297699bf3a168a09319529afdd1.csv,0.0,0.0,0.0,False
423,Ecosense\bikeride-gps-9f68e3328bf2f353a59d30a9c0ce61bfc1869acf.csv,18.63895158328151,9889.310022724383,2.720011396011396,True
424,Ecosense\bikeride-gps-9f744eac9fea2c5cede98d9b21add6e006a76dc3.csv,0.0,0.0,0.0,False
425,Ecosense\bikeride-gps-9f772bb81159ec20613a0467f34cb2f091079c0c.csv,0.0,0.0,0.0,False
426,Ecosense\bikeride-gps-9f7de0f502fad2394ac2ac3312b1af827391f0da.csv,0.0,0.0,0.0,False
